{
    "display": {
        "title": {
            "text": "越过花园墙",
            "color": "dark_green"
        },
        "description": {
            "text": "寻找蘑菇屋"
        },
        "icon": {
            "item": "minecraft:warped_fungus"
        },
        "frame": "task",
        "show_toast": true,
        "announce_to_chat": false,
        "hidden": false
    },
    "criteria": {
        "location0": {
            "trigger": "minecraft:location",
            "conditions": {
                "feature": "dungeons_arise:mushroom_house"
            }
        }
    },
    "requirements": [
        [
            "location0"
        ]
    ],
    "parent": "dungeons_arise:find_giant_mushroom"
}