{
    "display": {
        "title": {
            "text": "石头免费了!",
            "color": "dark_gray"
        },
        "description": {
            "text": "寻找采矿系统"
        },
        "icon": {
            "item": "minecraft:hopper_minecart"
        },
        "frame": "task",
        "show_toast": true,
        "announce_to_chat": true,
        "hidden": false
    },
    "criteria": {
        "location0": {
            "trigger": "minecraft:location",
            "conditions": {
                "feature": "dungeons_arise:mining_system"
            }
        }
    },
    "requirements": [
        [
            "location0"
        ]
    ],
    "parent": "dungeons_arise:wda_root"
}