{
    "display": {
        "title": {
            "text": "一碟子的秘密",
            "color": "dark_purple"
        },
        "description": {
            "text": "寻找巨型蘑菇"
        },
        "icon": {
            "item": "minecraft:red_mushroom_block"
        },
        "frame": "task",
        "show_toast": true,
        "announce_to_chat": false,
        "hidden": false
    },
    "criteria": {
        "location0": {
            "trigger": "minecraft:location",
            "conditions": {
                "feature": "dungeons_arise:giant_mushroom"
            }
        }
    },
    "requirements": [
        [
            "location0"
        ]
    ],
    "parent": "dungeons_arise:wda_root"
}