{
    "display": {
        "title": {
            "text": "永世铭记",
            "color": "dark_red"
        },
        "description": {
            "text": "找到竞技场"
        },
        "icon": {
            "item": "minecraft:shield"
        },
        "frame": "task",
        "show_toast": true,
        "announce_to_chat": false,
        "hidden": false
    },
    "criteria": {
        "location0": {
            "trigger": "minecraft:location",
            "conditions": {
                "feature": "dungeons_arise:coliseum"
            }
        }
    },
    "requirements": [
        [
            "location0"
        ]
    ],
    "parent": "dungeons_arise:wda_root"
}