{
    "display": {
        "title": {
            "text": "女武神之旅",
            "color": "dark_red"
        },
        "description": {
            "text": "寻找天堂骑士"
        },
        "icon": {
            "item": "minecraft:saddle"
        },
        "frame": "task",
        "show_toast": true,
        "announce_to_chat": false,
        "hidden": false
    },
    "criteria": {
        "location0": {
            "trigger": "minecraft:location",
            "conditions": {
                "feature": "dungeons_arise:heavenly_rider"
            }
        }
    },
    "requirements": [
        [
            "location0"
        ]
    ],
    "parent": "dungeons_arise:wda_root"
}