{
    "display": {
        "title": {
            "text": "让我们探索",
            "color": "dark_green"
        },
        "description": {
            "text": "寻找商人露营地"
        },
        "icon": {
            "item": "minecraft:emerald"
        },
        "frame": "task",
        "show_toast": true,
        "announce_to_chat": false,
        "hidden": false
    },
    "criteria": {
        "location0": {
            "trigger": "minecraft:location",
            "conditions": {
                "feature": "dungeons_arise:merchant_campsite"
            }
        }
    },
    "requirements": [
        [
            "location0"
        ]
    ],
    "parent": "dungeons_arise:wda_root"
}