{
    "display": {
        "title": {
            "text": "水面上的烟雾",
            "color": "dark_purple"
        },
        "description": {
            "text": "寻找不死海盗船"
        },
        "icon": {
            "item": "minecraft:gunpowder"
        },
        "frame": "task",
        "show_toast": true,
        "announce_to_chat": true,
        "hidden": false
    },
    "criteria": {
        "location0": {
            "trigger": "minecraft:location",
            "conditions": {
                "feature": "dungeons_arise:undead_pirate_ship"
            }
        }
    },
    "requirements": [
        [
            "location0"
        ]
    ],
    "parent": "dungeons_arise:wda_root"
}