{
    "display": {
        "title": {
            "text": "在黑暗中钓鱼",
            "color": "dark_blue"
        },
        "description": {
            "text": "寻找钓鱼小屋"
        },
        "icon": {
            "item": "minecraft:fishing_rod"
        },
        "frame": "task",
        "show_toast": true,
        "announce_to_chat": false,
        "hidden": false
    },
    "criteria": {
        "location0": {
            "trigger": "minecraft:location",
            "conditions": {
                "feature": "dungeons_arise:fishing_hut"
            }
        }
    },
    "requirements": [
        [
            "location0"
        ]
    ],
    "parent": "dungeons_arise:find_small_prairie_house"
}