{
    "display": {
        "title": {
            "text": "人们都很奇怪",
            "color": "dark_purple"
        },
        "description": {
            "text": "寻找掠夺者营地"
        },
        "icon": {
            "item": "minecraft:crossbow"
        },
        "frame": "task",
        "show_toast": true,
        "announce_to_chat": true,
        "hidden": false
    },
    "criteria": {
        "location0": {
            "trigger": "minecraft:location",
            "conditions": {
                "feature": "dungeons_arise:illager_campsite"
            }
        }
    },
    "requirements": [
        [
            "location0"
        ]
    ],
    "parent": "dungeons_arise:find_merchant_campsite"
}