{
    "display": {
        "title": {
            "text": "仁爱流通",
            "color": "dark_red"
        },
        "description": {
            "text": "寻找瘟疫庇护所"
        },
        "icon": {
            "item": "minecraft:splash_potion"
        },
        "frame": "task",
        "show_toast": true,
        "announce_to_chat": true,
        "hidden": false
    },
    "criteria": {
        "location0": {
            "trigger": "minecraft:location",
            "conditions": {
                "feature": "dungeons_arise:plague_asylum"
            }
        }
    },
    "requirements": [
        [
            "location0"
        ]
    ],
    "parent": "dungeons_arise:wda_root"
}